title,chapter,published,id,word_count
ONE: The Boy in the Bubble,1.0,2023-01-25T03:39:45.0000000+00:00,1096481,1573
TWO: Mistakes,2.0,2023-01-26T22:07:00.0000000+00:00,1097958,3764
THREE: 90 seconds,3.0,2023-01-29T15:46:00.0000000+00:00,1100089,2750
FOUR: Avowed Communications,4.0,2023-02-03T21:03:00.0000000+00:00,1104952,3023
FIVE: The Nice One,5.0,2023-02-04T21:37:16.0000000+00:00,1105784,2525
SIX: Gorgon,6.0,2023-02-12T04:46:13.0000000+00:00,1111783,2433
SEVEN: A Little Delusional,7.0,2023-02-12T22:32:45.0000000+00:00,1112335,2984
EIGHT: Tiger Shorts,8.0,2023-02-15T04:46:00.0000000+00:00,1114180,1847
NINE: Gorgon,9.0,2023-02-15T23:46:00.0000000+00:00,1114911,3129
TEN: Side Effects,10.0,2023-02-16T16:17:16.0000000+00:00,1115315,2669
ELEVEN: Last and Least,11.0,2023-02-17T04:16:01.0000000+00:00,1115805,2380
TWELVE: One O'clock on a Thursday,12.0,2023-02-17T15:02:30.0000000+00:00,1116121,2225
THIRTEEN: The B-Ranks,13.0,2023-02-18T04:16:00.0000000+00:00,1116754,3490
"FOURTEEN: Class Trader, Part One",14.0,2023-02-18T21:46:08.0000000+00:00,1117328,2532
"FIFTEEN: Class Trader, Part Two",15.0,2023-02-20T00:07:09.0000000+00:00,1118061,4401
"SIXTEEN: Boe, Part One",16.0,2023-02-20T21:06:00.0000000+00:00,1118803,2058
"SEVENTEEN: Boe, Part Two",17.0,2023-02-22T04:41:09.0000000+00:00,1120008,5029
EIGHTEEN: Interlude - Rabbit,18.0,2023-02-22T22:47:49.0000000+00:00,1120720,1638
NINETEEN: Teleport,19.0,2023-02-23T21:46:00.0000000+00:00,1121524,3966
TWENTY: An Ordinary Mailbox,20.0,2023-02-25T14:46:00.0000000+00:00,1122880,1520
TWENTY-ONE: Glossed,21.0,2023-02-27T05:18:39.0000000+00:00,1124079,2519
TWENTY-TWO: Uneven,22.0,2023-03-02T05:01:20.0000000+00:00,1126741,4751
TWENTY-THREE: Funeral,23.0,2023-03-05T19:00:47.0000000+00:00,1129594,5020
TWENTY-FOUR: Rabbit,24.0,2023-03-09T05:03:25.0000000+00:00,1132920,5806
TWENTY-FIVE: Wardrobe,25.0,2023-03-16T05:31:06.0000000+00:00,1139356,4262
TWENTY-SIX: First Assignment,26.0,2023-03-27T05:06:03.0000000+00:00,1149536,9675
TWENTY-SEVEN: Boater,27.0,2023-03-30T02:41:46.0000000+00:00,1152327,4611
TWENTY-EIGHT: Perception,28.0,2023-04-05T22:10:41.0000000+00:00,1159718,7182
"TWENTY-NINE: Moon Thegund, pt. 1",29.0,2023-04-13T02:02:00.0000000+00:00,1167992,5050
"THIRTY: Moon Thegund, Pt. 2",30.0,2023-04-20T03:34:44.0000000+00:00,1186258,4111
THIRTY-ONE: Manon,31.0,2023-04-27T02:24:24.0000000+00:00,1194129,4135
THIRTY-TWO: Chaining,32.0,2023-05-01T02:15:00.0000000+00:00,1198333,4034
THIRTY-THREE: Falling,33.0,2023-05-05T04:36:49.0000000+00:00,1202858,3343
THIRTY-FOUR: Fishing,34.0,2023-05-08T02:14:45.0000000+00:00,1206053,4299
THIRTY-FIVE: Stuart,35.0,2023-05-11T04:57:43.0000000+00:00,1209316,3565
THIRTY-SIX: Bone,36.0,2023-05-18T03:30:55.0000000+00:00,1216662,6118
THIRTY-SEVEN: Days,37.0,2023-05-21T18:47:19.0000000+00:00,1220471,5615
THIRTY-EIGHT: Hedonistic,38.0,2023-05-25T00:03:00.0000000+00:00,1224121,7760
THIRTY-NINE: Lesson One,39.0,2023-05-29T02:06:00.0000000+00:00,1228338,8292
FORTY:  Zero In,40.0,2023-06-01T03:31:13.0000000+00:00,1231654,6142
FORTY-ONE: Chaos,41.0,2023-06-05T01:17:00.0000000+00:00,1235378,3536
FORTY-TWO: Be Safe,42.0,2023-06-07T18:50:45.0000000+00:00,1238181,2586
FORTY-THREE: The Grass,43.0,2023-06-11T19:57:56.0000000+00:00,1242366,5467
FORTY-FOUR: Request for Insight,44.0,2023-06-14T13:51:07.0000000+00:00,1245476,342
FORTY-FIVE: Start,45.0,2023-06-15T02:02:00.0000000+00:00,1246304,4708
FORTY-SIX: Life,46.0,2023-06-18T16:03:32.0000000+00:00,1250159,2715
FORTY-SEVEN: Thunder Lettuce,47.0,2023-06-22T03:22:25.0000000+00:00,1253885,2866
FORTY-EIGHT: The Machine,48.0,2023-06-25T16:04:28.0000000+00:00,1257466,3191
FORTY-NINE: Words for Demons,49.0,2023-06-28T22:46:00.0000000+00:00,1261022,3431
FIFTY: Delicious,50.0,2023-07-02T19:06:42.0000000+00:00,1264921,1764
FIFTY-ONE: Take Me Somewhere Better,51.0,2023-07-06T04:27:17.0000000+00:00,1268514,2835
FIFTY-TWO: The Necessary Functions,52.0,2023-07-09T21:05:15.0000000+00:00,1272105,2829
FIFTY-THREE: The Auriad,53.0,2023-07-13T01:17:10.0000000+00:00,1275481,2792
FIFTY-FOUR: Farther,54.0,2023-07-16T23:01:58.0000000+00:00,1279547,4158
FIFTY-FIVE: Man on the Moon,55.0,2023-07-20T01:28:53.0000000+00:00,1282960,3508
FIFTY-SIX: A Polite Request,56.0,2023-07-23T22:42:46.0000000+00:00,1286971,3422
FIFTY-SEVEN: A Scale Tips,57.0,2023-07-26T17:00:01.0000000+00:00,1289969,3776
FIFTY-EIGHT: If this one makes it to you...,58.0,2023-07-30T16:00:03.0000000+00:00,1294006,1605
Ritual of Return,,2023-07-30T17:00:02.0000000+00:00,1294083,120
"FIFTY-NINE: Mother, pt. 1",59.0,2023-08-02T18:38:22.0000000+00:00,1297613,5868
"SIXTY: Mother, pt. 2",60.0,2023-08-06T22:33:34.0000000+00:00,1302152,6003
SIXTY-ONE:,61.0,2023-08-17T02:51:35.0000000+00:00,1313039,114
"SIXTY-TWO:  Home, pt 1",62.0,2023-08-09T23:16:00.0000000+00:00,1305432,7871
"SIXTY-THREE: Home, pt. 2",63.0,2023-08-11T19:18:32.0000000+00:00,1307349,5179
SIXTY-FOUR: To a Quiet Rabbit,64.0,2023-08-14T00:00:01.0000000+00:00,1309534,7137
SIXTY-FIVE: Intake,65.0,2023-08-17T02:49:08.0000000+00:00,1313034,4835
SIXTY-SIX: Pinball,66.0,2023-08-20T18:02:34.0000000+00:00,1316633,3837
SIXTY-SEVEN: Goals,67.0,2023-08-24T00:57:09.0000000+00:00,1320188,6715
SIXTY-EIGHT: The Warren,68.0,2023-08-27T23:41:21.0000000+00:00,1324256,3929
SIXTY-NINE: A Busy Rabbit,69.0,2023-08-30T22:35:24.0000000+00:00,1327544,7961
SEVENTY: Rare Company,70.0,2023-09-04T02:06:00.0000000+00:00,1332050,3493
SEVENTY-ONE: Where's the Really Sharp Knife?,71.0,2023-09-06T21:43:36.0000000+00:00,1335020,4444
SEVENTY-TWO: My Daughter is An Alien Honors Student,72.0,2023-09-10T22:17:15.0000000+00:00,1338918,7634
"SEVENTY-THREE: A Busy Morning, pt. 1",73.0,2023-09-14T03:07:55.0000000+00:00,1342372,7931
"SEVENTY-FOUR: A Busy Morning, pt. 2",74.0,2023-09-17T15:59:17.0000000+00:00,1345765,7358
"SEVENTY-FIVE: A Busy Morning, pt. 3",75.0,2023-09-20T23:02:50.0000000+00:00,1349498,6146
SEVENTY-SIX: The Rescue Game,76.0,2023-09-24T19:23:33.0000000+00:00,1353212,6609
SEVENTY-SEVEN: About the Rabbit,77.0,2023-09-27T16:12:52.0000000+00:00,1356376,6086
SEVENTY-EIGHT: Facts are Facts,78.0,2023-10-01T22:35:42.0000000+00:00,1360779,6640
SEVENTY-NINE: The Few,79.0,2023-10-04T18:53:07.0000000+00:00,1363774,5591
EIGHTY:  First Year Impressions,80.0,2023-10-08T18:31:05.0000000+00:00,1367761,5446
EIGHTY-ONE: O Cruzamento,81.0,2023-10-19T00:46:02.0000000+00:00,1378760,2309
EIGHTY-TWO: Guess,82.0,2023-10-19T01:18:31.0000000+00:00,1378791,5764
EIGHTY-THREE: You A**hole,83.0,2023-10-19T22:10:52.0000000+00:00,1379616,4298
EIGHTY-FOUR: The French Sauce,84.0,2023-10-22T21:08:07.0000000+00:00,1382546,5782
EIGHTY-FIVE: The Other Half of It,85.0,2023-10-25T15:23:01.0000000+00:00,1385333,8027
EIGHTY-SIX: One Word,86.0,2023-10-28T14:41:56.0000000+00:00,1388481,3965
EIGHTY-SEVEN: Incautious Caring,87.0,2023-10-29T17:43:45.0000000+00:00,1389421,4174
EIGHTY-EIGHT: Diving,88.0,2023-11-01T14:04:09.0000000+00:00,1392714,5795
EIGHTY-NINE: Hero Types,89.0,2023-11-05T16:58:09.0000000+00:00,1397911,5085
"NINETY: Forty Pineapples, part one",90.0,2023-11-08T19:24:51.0000000+00:00,1401688,8135
"NINETY-ONE: Forty Pineapples, part  2",91.0,2023-11-13T02:39:12.0000000+00:00,1406842,13019
NINETY-TWO: All Nighter,92.0,2023-11-15T23:01:19.0000000+00:00,1410783,4935
NINETY-THREE: The Only Sign,93.0,2023-11-19T15:32:36.0000000+00:00,1415044,5237
NINETY-FOUR: Roommates,94.0,2023-11-22T20:43:35.0000000+00:00,1418803,9012
"NINETY-FIVE: The B-list, I",95.0,2023-11-26T21:09:08.0000000+00:00,1423212,4808
"NINETY-SIX: The B List, part two",96.0,2023-11-29T21:23:28.0000000+00:00,1426842,4364
NINETY-SEVEN: Fireworks,97.0,2023-12-03T17:05:55.0000000+00:00,1430929,6203
NINETY-EIGHT: Blossoming Tentacles,98.0,2023-12-06T16:11:36.0000000+00:00,1434488,5997
"NINETY-NINE:  Gym Class, I",99.0,2023-12-11T01:18:38.0000000+00:00,1439301,8253
"ONE HUNDRED: Gym Class, II",100.0,2023-12-13T21:06:07.0000000+00:00,1442374,6311
"ONE HUNDRED ONE: Anesidora Time, 07:15 PM",101.0,2023-12-17T21:48:43.0000000+00:00,1446199,5250
ONE HUNDRED TWO: What kind of wordchain?,102.0,2023-12-20T20:09:56.0000000+00:00,1449598,4848
ONE HUNDRED THREE: Artonan Conversations,103.0,2023-12-24T18:05:54.0000000+00:00,1453643,9335
ONE HUNDRED FOUR: Hot Chocolate,104.0,2023-12-28T16:01:10.0000000+00:00,1457740,7111
ONE HUNDRED FIVE: You've Grown,105.0,2024-01-03T16:48:28.0000000+00:00,1464279,6389
ONE HUNDRED SIX: Ledger,106.0,2024-01-07T16:13:56.0000000+00:00,1468935,6721
ONE HUNDRED SEVEN: Opposite Stone,107.0,2024-01-11T09:28:03.0000000+00:00,1473290,5173
ONE HUNDRED EIGHT: Canoe,108.0,2024-01-15T04:20:54.0000000+00:00,1477672,3423
"ONE HUNDRED NINE: The Chainer, I",109.0,2024-01-18T09:58:56.0000000+00:00,1481846,6711
"ONE HUNDRED TEN: The Chainer, II",110.0,2024-01-22T06:06:12.0000000+00:00,1490262,9472
"ONE HUNDRED ELEVEN: The Chainer, III",111.0,2024-01-23T02:15:02.0000000+00:00,1491473,8523
"ONE HUNDRED TWELVE: The Chainer, IV",112.0,2024-01-23T06:37:13.0000000+00:00,1491679,7709
"ONE HUNDRED THIRTEEN: The Chainer, V",113.0,2024-01-25T03:57:58.0000000+00:00,1494057,16508
"ONE HUNDRED FOURTEEN: The Chainer, coda",114.0,2024-01-29T09:20:04.0000000+00:00,1498617,20747
ONE HUNDRED FIFTEEN: Lazy Sunday,115.0,2024-02-01T08:42:30.0000000+00:00,1502407,5131
"ONE HUNDRED SIXTEEN: Twinkle, Twinkle, Gokoratch",116.0,2024-02-05T06:39:20.0000000+00:00,1506871,4825
ONE HUNDRED SEVENTEEN: Catch,117.0,2024-02-08T07:29:06.0000000+00:00,1510603,6810
ONE HUNDRED EIGHTEEN: Unfolding,118.0,2024-02-12T10:23:17.0000000+00:00,1515215,5932
ONE HUNDRED NINETEEN: Interesting,119.0,2024-02-14T22:29:15.0000000+00:00,1518484,2224
ONE HUNDRED TWENTY: Party Animals,120.0,2024-02-19T03:13:04.0000000+00:00,1523678,6727
ONE HUNDRED TWENTY-ONE: Avalanche,121.0,2024-02-22T06:10:40.0000000+00:00,1527705,7560
ONE HUNDRED TWENTY-TWO:  Obstacles,122.0,2024-02-28T16:30:15.0000000+00:00,1535343,7887
ONE HUNDRED TWENTY-THREE: Meeting,123.0,2024-03-04T03:21:28.0000000+00:00,1540799,4876
ONE HUNDRED TWENTY-FOUR: Poor Mice,124.0,2024-03-07T05:32:06.0000000+00:00,1544698,6595
ONE HUNDRED TWENTY-FIVE: It's Pepper Flavored,125.0,2024-03-11T02:31:51.0000000+00:00,1549639,9337
ONE HUNDRED TWENTY-SIX: We'll See,126.0,2024-03-14T06:20:22.0000000+00:00,1553808,5898
ONE HUNDRED TWENTY-SEVEN:  Let's Feed Her to Victory,127.0,2024-03-18T07:13:13.0000000+00:00,1558619,4160
ONE HUNDRED TWENTY-EIGHT: Better Watch Out,128.0,2024-03-21T10:32:19.0000000+00:00,1562484,6747
ONE HUNDRED TWENTY-NINE: They Feasted,129.0,2024-03-25T07:02:39.0000000+00:00,1567328,5484
"ONE HUNDRED THIRTY: Ripples, I",130.0,2024-03-28T09:43:08.0000000+00:00,1571112,5418
"ONE HUNDRED THIRTY-ONE: Ripples, II",131.0,2024-04-04T04:24:53.0000000+00:00,1580044,5471
"ONE HUNDRE THIRTY-TWO: Ripples, III",33.0,2024-04-08T16:21:31.0000000+00:00,1586244,6939
ONE HUNDRED THIRTY-THREE: Ripples IV,133.0,2024-04-11T09:50:46.0000000+00:00,1590388,5799
ONE HUNDRED THIRTY-FOUR: Ripples V,134.0,2024-04-15T06:39:23.0000000+00:00,1596017,6122
ONE HUNDRED THIRTY-FIVE: Waves I,135.0,2024-04-18T05:16:15.0000000+00:00,1600672,7419
ONE HUNDRED THIRTY-SIX: Waves II,136.0,2024-04-22T04:31:23.0000000+00:00,1605765,3506
ONE HUNDRED THIRTY-SEVEN: Waves III,137.0,2024-04-29T00:38:03.0000000+00:00,1615183,4534
ONE HUNDRED THIRTY-EIGHT: Waves IV,138.0,2024-05-02T22:37:28.0000000+00:00,1620939,3973
ONE HUNDRED THIRTY-NINE: Waves V,139.0,2024-05-06T18:23:12.0000000+00:00,1626182,6257
ONE HUNDRED FORTY: Waves VI,140.0,2024-05-10T01:31:18.0000000+00:00,1630190,4413
ONE HUNDRED FORTY-ONE: Waves VII,141.0,2024-05-13T06:29:31.0000000+00:00,1634207,7640
ONE HUNDRED FORTY-TWO: Waves VIII,142.0,2024-05-16T06:00:59.0000000+00:00,1638218,4477
ONE HUNDRED FORTY-THREE: Waves IX,143.0,2024-05-20T17:18:26.0000000+00:00,1644025,4983
ONE HUNDRED FORTY-FOUR: Dawn I,144.0,2024-05-23T06:09:57.0000000+00:00,1647396,4399
ONE HUNDRED FORTY-FIVE: Dawn II,145.0,2024-06-03T10:56:47.0000000+00:00,1661784,4931
ONE HUNDRED FORTY-SIX: Dawn III,146.0,2024-06-05T17:13:07.0000000+00:00,1665010,4716
"ONE HUNDRED FORTY-SEVEN: Everyone, Everywhere I",147.0,2024-06-09T19:40:51.0000000+00:00,1670237,4461
"ONE HUNDRED FORTY-EIGHT: Everyone, Everywhere II",148.0,2024-06-13T09:35:53.0000000+00:00,1674937,7298
ONE HUNDRED FORTY-NINE: All at Once,149.0,2024-06-17T10:46:20.0000000+00:00,1680325,3977
ONE HUNDRED FIFTY: Cube News,150.0,2024-06-20T03:59:53.0000000+00:00,1684839,5860
ONE HUNDRED FIFTY-ONE: Made for a Saint,151.0,2024-06-24T07:02:43.0000000+00:00,1690642,4934
ONE HUNDRED FIFTY-TWO: A Sharp Break,152.0,2024-06-27T08:45:51.0000000+00:00,1694814,3857
ONE HUNDRED FIFTY-THREE: Galleta,153.0,2024-07-04T05:13:42.0000000+00:00,1704051,3820
ONE HUNDRED FIFTY-FOUR: Assembly,154.0,2024-07-08T03:55:35.0000000+00:00,1709100,6074
ONE HUNDRED FIFTY-FIVE: Family Matters I,155.0,2024-07-10T16:15:29.0000000+00:00,1712595,5145
"ONE HUNDRED FIFTY-SIX: Family Matters, II",156.0,2024-07-18T06:34:09.0000000+00:00,1722143,5938
"A. ONE HUNDRED FIFTY-SEVEN: Family Matters III, part A",157.0,2024-07-22T06:51:34.0000000+00:00,1727278,1688
"B. ONE HUNDRED FIFTY-SEVEN: Family Matters III, part B",157.0,2024-07-22T18:51:37.0000000+00:00,1728060,3234
ONE HUNDRED FIFTY-EIGHT: Family Matters IV,158.0,2024-07-25T02:57:06.0000000+00:00,1731122,5838
ONE HUNDRED FIFTY-NINE: Tenderroot,159.0,2024-08-01T04:46:28.0000000+00:00,1740215,5111
ONE HUNDRED SIXTY: Shiny Water Bugs,160.0,2024-08-08T02:41:45.0000000+00:00,1749184,6253
ONE HUNDRED SIXTY-ONE: Good Waking,161.0,2024-08-11T16:18:51.0000000+00:00,1753850,4913
ONE HUNDRED SIXTY-TWO: Grand Presentation,162.0,2024-08-15T05:50:39.0000000+00:00,1759170,6060
ONE HUNDRED SIXTY-THREE: The Primary's Youngest Child,163.0,2024-08-19T02:48:31.0000000+00:00,1764681,6018
ONE HUNDRED SIXTY-FOUR: Echoing Klerms,164.0,2024-08-25T23:29:28.0000000+00:00,1774261,5008
ONE HUNDRED SIXTY-FIVE: Olorn-art'h,165.0,2024-08-29T00:42:00.0000000+00:00,1778860,4186
ONE HUNDRED SIXTY-SIX: Dreams and Doors,166.0,2024-09-02T06:54:18.0000000+00:00,1784538,4513
ONE HUNDRED SIXTY-SEVEN: Notion,167.0,2024-09-09T04:57:58.0000000+00:00,1794805,5633
ONE HUNDRED SIXTY-EIGHT: Vantage Points,168.0,2024-09-12T01:09:20.0000000+00:00,1799372,5109
ONE HUNDRED SIXTY-NINE: It's Definitely Thursday,169.0,2024-09-19T06:33:18.0000000+00:00,1809899,4388
ONE HUNDRED SEVENTY: A Fun Way to do Supper,170.0,2024-09-23T04:03:53.0000000+00:00,1815552,3746
ONE HUNDRED SEVENTY-ONE:  Event Planning Isn't Hard,171.0,2024-09-26T06:39:36.0000000+00:00,1820869,6434
ONE HUNDRED SEVENTY-TWO: Plastic Wrapper and All,172.0,2024-09-30T08:09:26.0000000+00:00,1827389,4641
ONE HUNDRED SEVENTY-THREE: The Thanksgiving,173.0,2024-10-02T19:26:50.0000000+00:00,1831873,5297
ONE HUNDRED SEVENTY-FOUR: Big Tippers,174.0,2024-10-10T10:49:02.0000000+00:00,1843176,4546
ONE HUNDRED SEVENTY-FIVE: Kind Effort,175.0,2024-10-14T05:36:49.0000000+00:00,1849289,4960
ONE HUNDRED SEVENTY-SIX: Class Notes,176.0,2024-10-17T07:29:53.0000000+00:00,1854383,5010
ONE HUNDRED SEVENTY-SEVEN: Guests,177.0,2024-10-21T07:47:33.0000000+00:00,1860730,4965
ONE HUNDRED SEVENTY-EIGHT: The Elder's Croak,178.0,2024-10-28T01:19:41.0000000+00:00,1871569,5293
ONE HUNDRED SEVENTY-NINE: By Appointment,179.0,2024-11-01T01:54:15.0000000+00:00,1878183,4343
ONE HUNDRED EIGHTY: Needle & Wheedle,180.0,2024-11-04T04:26:38.0000000+00:00,1883833,7876
ONE HUNDRED EIGHTY-ONE: Nightlight,181.0,2024-11-06T17:57:35.0000000+00:00,1888828,4991
ONE HUNDRED EIGHTY-TWO: I See You,182.0,2024-11-14T07:52:56.0000000+00:00,1902771,6370
ONE HUNDRED EIGHTY-THREE: The Weight,183.0,2024-11-18T05:26:19.0000000+00:00,1910029,3845
ONE HUNDRED EIGHTY-FOUR: The Inward Path,184.0,2024-11-21T00:02:38.0000000+00:00,1915391,4360
ONE HUNDRED EIGHTY-FIVE: What do you know about chaos?,185.0,2024-11-25T08:09:51.0000000+00:00,1922829,3421
ONE HUNDRED EIGHTY-SIX: Worlds,186.0,2024-11-28T10:59:41.0000000+00:00,1928494,4779
ONE HUNDRED EIGHTY-SEVEN: About Pythons,187.0,2024-12-05T09:32:03.0000000+00:00,1940950,3766
ONE HUNDRED EIGHTY-EIGHT: Know Thyself,188.0,2024-12-09T07:26:08.0000000+00:00,1947310,6156
ONE HUNDRED EIGHTY-NINE: Flashes I,189.0,2024-12-15T23:27:39.0000000+00:00,1958360,4184
ONE HUNDRED NINETY: Flashes II,190.0,2024-12-19T02:39:44.0000000+00:00,1963746,2081
ONE HUNDRED NINETY-ONE: Flashes III,191.0,2024-12-20T02:08:28.0000000+00:00,1965232,2544
ONE HUNDRED NINETY-TWO: Flashes IV,192.0,2024-12-23T11:29:56.0000000+00:00,1970484,3824
ONE HUNDRED NINETY-THREE: Flashes V,193.0,2024-12-28T13:08:20.0000000+00:00,1979008,5093
ONE HUNDRED NINETY-FOUR: Flashes VI,194.0,2024-12-30T04:22:24.0000000+00:00,1981599,4289
ONE HUNDRED NINETY-FIVE: Flashes VII,195.0,2025-01-01T23:15:32.0000000+00:00,1986958,5610
ONE HUNDRED NINETY-SIX: Flashes VIII,196.0,2025-01-02T03:28:11.0000000+00:00,1987238,5838
ONE HUNDRED NINETY-SEVEN: Flashes IX,197.0,2025-01-06T00:15:02.0000000+00:00,1993911,4135
ONE HUNDRED NINETY-EIGHT: United,198.0,2025-01-16T02:51:15.0000000+00:00,2012501,4041
ONE HUNDRED NINETY-NINE: Happy Avowed Days,199.0,2025-01-20T03:06:00.0000000+00:00,2019379,3881
TWO HUNDRED: You've Got Time,200.0,2025-01-24T01:59:15.0000000+00:00,2026734,2662
TWO HUNDRED ONE: A Weird Place,201.0,2025-01-27T05:06:56.0000000+00:00,2031903,4023
TWO HUNDRED TWO: Shoes,202.0,2025-02-03T08:36:36.0000000+00:00,2044797,5628
TWO HUNDRED THREE: Herdcreatures I,203.0,2025-02-13T03:49:00.0000000+00:00,2063990,5118
TWO HUNDRED FOUR: Herdcreatures II,204.0,2025-02-20T04:02:42.0000000+00:00,2077959,4686
TWO HUNDRED FIVE: Herdcreatures III,205.0,2025-02-27T02:35:09.0000000+00:00,2091947,4895
TWO HUNDRED SIX: Herdcreatures IV,206.0,2025-03-06T07:58:48.0000000+00:00,2107285,5797
TWO HUNDRED SEVEN: Hit Me With It,207.0,2025-03-13T06:36:50.0000000+00:00,2123312,4876
TWO HUNDRED EIGHT: Normal Teenager Matters,208.0,2025-03-20T01:53:11.0000000+00:00,2138046,4181
TWO HUNDRED NINE: Now Rest,209.0,2025-03-26T17:39:11.0000000+00:00,2152689,3016
TWO HUNDRED TEN:  Sun,210.0,2025-04-03T02:28:15.0000000+00:00,2170142,3835
TWO HUNDRED ELEVEN: The Strange Thing Is...,211.0,2025-04-10T07:55:31.0000000+00:00,2189552,3155
TWO HUNDRED TWELVE: High Flyers,212.0,2025-04-17T02:16:04.0000000+00:00,2208393,4538
TWO HUNDRED THIRTEEN: Chillexing,213.0,2025-04-24T09:43:58.0000000+00:00,2226876,3825
TWO HUNDRED FOURTEEN: Scoot,214.0,2025-04-25T18:02:09.0000000+00:00,2230849,4645
TWO HUNDRED FIFTEEN: Tacos,215.0,2025-05-01T05:31:03.0000000+00:00,2245379,4247
TWO HUNDRED SIXTEEN: The Snake-shaped Letter I,216.0,2025-05-06T02:35:24.0000000+00:00,2258664,4208
TWO HUNDRED SEVENTEEN: The Snake-shaped Letter II,217.0,2025-05-11T03:05:55.0000000+00:00,2270590,3464
TWO HUNDRED EIGHTEEN: Power,218.0,2025-05-15T22:50:48.0000000+00:00,2282196,4078
TWO HUNDRED NINETEEN: Barrel Roll,219.0,2025-05-21T03:09:48.0000000+00:00,2294345,5527
TWO HUNDRED TWENTY: A Rare Pairing,220.0,2025-05-26T00:23:13.0000000+00:00,2305621,3829
TWO HUNDRED TWENTY-ONE: Here-to-There I,221.0,2025-05-31T04:22:11.0000000+00:00,2318709,4784
TWO HUNDRED TWENTY-TWO: Here-to-There II,222.0,2025-06-06T03:25:59.0000000+00:00,2334028,5086
TWO HUNDRED TWENTY-THREE: Here-to-There III,223.0,2025-06-11T02:03:14.0000000+00:00,2346916,3451
TWO HUNDRED TWENTY-FOUR: Here-to-There IV,224.0,2025-06-15T21:24:00.0000000+00:00,2359259,3537
TWO HUNDRED TWENTY-FIVE: Here-to-There V,225.0,2025-06-20T23:28:15.0000000+00:00,2372864,3682
TWO HUNDRED TWENTY-SIX: Here-to-There VI,226.0,2025-06-26T03:40:32.0000000+00:00,2385959,3377
TWO HUNDRED TWENTY-SEVEN: Here-to-There VII,227.0,2025-07-01T06:55:43.0000000+00:00,2399442,1865
TWO HUNDRED TWENTY-EIGHT: Here-to-There VIII,228.0,2025-07-02T04:02:16.0000000+00:00,2402156,3092
TWO HUNDRED TWENTY-NINE: Here-to-There IX,229.0,2025-07-06T05:05:56.0000000+00:00,2412738,3934
TWO HUNDRED THIRTY: Here-to-There X,230.0,2025-07-10T22:57:25.0000000+00:00,2425314,5168
TWO HUNDRED THIRTY-ONE: Here-to-There XI,231.0,2025-07-16T03:23:58.0000000+00:00,2438817,5375
TWO HUNDRED THIRTY-TWO: Here-to-There XII,232.0,2025-07-21T08:05:36.0000000+00:00,2453379,3812
TWO HUNDRED THIRTY-THREE: Here-to-There XIII,233.0,2025-07-26T04:51:30.0000000+00:00,2467141,2062
TWO HUNDRED THIRTY-FOUR: Here-to-There XIV,234.0,2025-07-31T04:32:04.0000000+00:00,2480322,4674
TWO HUNDRED THIRTY-FIVE: Here-to-There XV,235.0,2025-08-06T02:01:36.0000000+00:00,2495579,4262
TWO HUNDRED THIRTY-SIX: Here-to-There XVI,236.0,2025-08-11T05:47:20.0000000+00:00,2508562,1797
TWO HUNDRED THIRTY-SEVEN: Here-to-There XVII,237.0,2025-08-11T21:34:32.0000000+00:00,2510638,1972
TWO HUNDRED THIRTY-EIGHT: Here-to-There XVIII,238.0,2025-08-16T04:35:34.0000000+00:00,2522151,4501
TWO HUNDRED THIRTY-NINE: Here-to-There Epilogue,239.0,2025-08-20T21:41:27.0000000+00:00,2534453,2824
TWO HUNDRED FORTY: Hopping I,240.0,2025-08-25T22:34:25.0000000+00:00,2547932,4458
TWO HUNDRED FORTY-ONE: Hopping II,241.0,2025-08-31T01:22:53.0000000+00:00,2561685,4424
TWO HUNDRED FORTY-TWO: Hopping III,242.0,2025-09-05T21:06:02.0000000+00:00,2577689,4420
TWO HUNDRED FORTY-THREE: With a Yell,243.0,2025-09-11T00:28:22.0000000+00:00,2591302,3718
TWO HUNDRED FORTY-FOUR: Contemplations,244.0,2025-09-16T00:16:07.0000000+00:00,2603552,2313
"TWO HUNDRED FORTY-FIVE: Bros, a Bromeliad, and a Pack or Herd of Bears",245.0,2025-09-20T21:39:59.0000000+00:00,2616249,2294
TWO HUNDRED FORTY-SIX: Baby Blue,246.0,2025-09-25T22:01:12.0000000+00:00,2628991,3414
TWO HUNDRED FORTY-SEVEN: A Pounce,247.0,2025-10-01T01:41:45.0000000+00:00,2641996,2966
TWO HUNDRED FORTY-EIGHT: The Lucky 57,248.0,2025-10-05T19:33:22.0000000+00:00,2653925,5273
TWO HUNDRED FORTY-NINE: Strong Bricks,249.0,2025-10-11T15:06:00.0000000+00:00,2668592,4301
TWO HUNDRED FIFTY: Rain on Anesidora,250.0,2025-10-16T02:05:30.0000000+00:00,2680043,3953
TWO HUNDRED FIFTY-ONE: The Second Blossom,251.0,2025-10-21T01:26:55.0000000+00:00,2692702,4195
TWO HUNDRED FIFTY-TWO: Slumber Party,252.0,2025-10-26T03:02:03.0000000+00:00,2705240,4048
TWO HUNDRED FIFTY-THREE: Two Kinds of Beauty,253.0,2025-10-30T22:16:11.0000000+00:00,2717955,4155
TWO HUNDRED FIFTY-FOUR: Scrape,254.0,2025-11-06T00:46:01.0000000+00:00,2736202,3213
TWO HUNDRED FIFTY-FIVE: A Heavy Thing on One End,255.0,2025-11-10T22:42:06.0000000+00:00,2750040,4052
TWO HUNDRED FIFTY-SIX:  A Pointy Thing on the Other,256.0,2025-11-16T05:11:32.0000000+00:00,2765192,4683
TWO HUNDRED FIFTY-SEVEN: To Belong,257.0,2025-11-21T02:53:58.0000000+00:00,2779175,3370
TWO HUNDRED FIFTY-EIGHT: Always More,258.0,2025-11-26T04:18:11.0000000+00:00,2793685,1812
TWO HUNDRED FIFTY-NINE: Snow I,259.0,2025-12-06T04:27:07.0000000+00:00,2823388,5186
TWO HUNDRED SIXTY: Snow II,260.0,2025-12-11T02:50:09.0000000+00:00,2837594,5532
TWO HUNDRED SIXTY-ONE: Snow III,261.0,2025-12-16T06:26:07.0000000+00:00,2852247,5516
TWO HUNDRED SIXTY-TWO: Snow IV,262.0,2025-12-21T14:30:21.0000000+00:00,2867262,3903
TWO HUNDRED SIXTY-THREE: Snow V,263.0,2025-12-26T02:23:59.0000000+00:00,2880730,2510
TWO HUNDRED SIXTY-FOUR: Snow VI,264.0,2025-12-31T01:16:31.0000000+00:00,2894246,4968
TWO HUNDRED SIXTY-FIVE: Snow VII,265.0,2026-01-06T04:47:38.0000000+00:00,2916143,3976
TWO HUNDRED SIXTY-SIX: Snow VIII,266.0,2026-01-11T07:58:04.0000000+00:00,2931854,3534
TWO HUNDRED SIXTY-SEVEN: Snow IX,267.0,2026-01-16T05:47:24.0000000+00:00,2947680,3931
TWO HUNDRED SIXTY-EIGHT: Snow X,268.0,2026-01-25T19:58:44.0000000+00:00,2978472,5028
TWO HUNDRED SIXTY-NINE: Snow XI,269.0,2026-01-30T04:36:21.0000000+00:00,2993444,2107
TWO HUNDRED SEVENTY: Snow XII,270.0,2026-01-30T16:02:06.0000000+00:00,2995106,5640
TWO HUNDRED SEVENTY-ONE: Snow XIII,271.0,2026-01-31T20:51:03.0000000+00:00,2999718,4425
TWO HUNDRED SEVENTY-TWO: Avowed,272.0,2026-02-20T23:06:07.0000000+00:00,3076105,4035
TWO HUNDRED SEVENTY-THREE: The Other Side,273.0,2026-02-26T06:26:59.0000000+00:00,3093627,3703
TWO HUNDRED SEVENTY-FOUR: To Everything,274.0,2026-03-06T07:17:00.0000000+00:00,3121733,2319
TWO HUNDRED SEVENTY-FIVE: Beginning,275.0,2026-03-11T00:41:07.0000000+00:00,3138508,5085
TWO HUNDRED SEVENTY-SIX: What are you like?,276.0,2026-03-16T01:32:19.0000000+00:00,3156302,3490
TWO HUNDRED SEVENTY-SEVEN: Sip Water,277.0,2026-03-21T02:55:02.0000000+00:00,3175741,3802
TWO HUNDRED SEVENTY-EIGHT:  An Errand at Leafsong,278.0,2026-03-26T04:27:27.0000000+00:00,3194677,1370
TWO HUNDRED SEVENTY-NINE: Careening,279.0,2026-03-27T07:39:17.0000000+00:00,3198720,2319
TWO HUNDRED EIGHTY:  Stakeouts,280.0,2026-04-06T06:10:18.0000000+00:00,3237614,3568
TWO HUNDRED EIGHTY-ONE: Unquiet Mind,281.0,2026-04-11T03:03:07.0000000+00:00,3259026,5180
TWO HUNDRED EIGHTY-TWO: Beanshot,282.0,2026-04-16T03:34:12.0000000+00:00,3279668,4586
TWO HUNDRED EIGHTY-THREE: Thunder,283.0,2026-04-21T03:55:04.0000000+00:00,3299314,4899
TWO HUNDRED EIGHTY-FOUR: Those Who Reach,284.0,2026-04-26T00:05:11.0000000+00:00,3319159,8549
TWO HUNDRED EIGHTY-FIVE: What next?,285.0,2026-05-06T02:52:45.0000000+00:00,3360542,5345
TWO HUNDRED EIGHTY-SIX: Positive,286.0,2026-05-11T00:34:39.0000000+00:00,3380315,4838
TWO HUNDRED EIGHTY-SEVEN: It's All Heroes or Aliens,287.0,2026-05-16T05:01:52.0000000+00:00,3402430,4353
TWO HUNDRED EIGHTY-EIGHT: New Pressures,288.0,2026-05-21T04:49:51.0000000+00:00,3426020,5254
TWO HUNDRED EIGHTY-NINE: The Entertainment,289.0,2026-05-26T07:06:54.0000000+00:00,3447515,4501
TWO HUNDRED NINETY: When Wishing Was Having I,290.0,2026-05-31T05:30:37.0000000+00:00,3472389,5352
TWO HUNDRED NINETY-ONE: When Wishing Was Having II,291.0,2026-06-06T03:36:52.0000000+00:00,3499497,7018
TWO HUNDRED NINETY-TWO: When Wishing Was Having III,292.0,2026-06-13T04:03:29.0000000+00:00,3532530,5307
TWO HUNDRED NINETY-THREE: When Wishing Was Having IV,293.0,2026-06-21 02:41:27+00:00,3568502,4834
