id,deadline,modifier,reference_id
84077366.0,June 4 2023 23:59,,
84223677.0,June 7 2023 23:59,,
84407991.0,June 11 2023 23:59,,
84559518.0,June 14 2023 23:59,,
84755429.0,June 18 2023 23:59,,
84807042.0,June 19 2023 23:59,,
84924127.0,June 21 2023 23:59,,
85097817.0,June 25 2023 23:59,,
85273134.0,June 28 2023 23:59,,
85448642.0,July 2 2023 23:59,,
85474525.0,July 2 2023 23:59,,
85489449.0,July 2 2023 23:59,,
85659875.0,July 5 2023 23:59,,
85840707.0,July 9 2023 23:59,,
86011502.0,July 12 2023 23:59,,
86199110.0,July 16 2023 23:59,,
86349642.0,July 19 2023 23:59,,
86546227.0,July 23 2023 23:59,,
86547727.0,July 23 2023 23:59,,
86696016.0,July 26 2023 23:59,,
86896705.0,July 30 2023 23:59,,
87085513.0,August 2 2023 23:59,,
87288917.0,August 6 2023 23:59,,
87459120.0,August 9 2023 23:59,,
87550603.0,August 11 2023 23:59,,
87645312.0,August 13 2023 23:59,,
87766169.0,August 16 2023 23:59,,
87982599.0,August 20 2023 23:59,,
88138623.0,August 23 2023 23:59,,
88187138.0,August 24 2023 23:59,,
88344463.0,August 27 2023 23:59,,
88501973.0,August 30 2023 23:59,,
88698490.0,September 3 2023 23:59,,
88865444.0,September 6 2023 23:59,,
89065972.0,September 10 2023 23:59,,
89239244.0,September 13 2023 23:59,,
89391851.0,September 17 2023 23:59,,
89581622.0,September 20 2023 23:59,,
89766582.0,September 24 2023 23:59,,
89924171.0,September 27 2023 23:59,,
90163085.0,October 1 2023 23:59,,
90309689.0,October 4 2023 23:59,,
90589387.0,October 8 2023 23:59,,
90791998.0,October 11 2023 23:59,,
91033126.0,October 15 2023 23:59,,
91242418.0,October 18 2023 23:59,,
91460400.0,October 22 2023 23:59,,
91640303.0,October 25 2023 23:59,,
91882247.0,October 29 2023 23:59,,
92053322.0,November 1 2023 23:59,,
92347634.0,November 5 2023 23:59,,
92532361.0,November 8 2023 23:59,,
92778291.0,November 12 2023 23:59,,
92956105.0,November 15 2023 23:59,,
93165785.0,November 19 2023 23:59,,
93347519.0,November 22 2023 23:59,,
93566473.0,November 26 2023 23:59,,
93767375.0,November 29 2023 23:59,,
94007580.0,December 3 2023 23:59,,
94194907.0,December 6 2023 23:59,,
94440983.0,December 10 2023 23:59,,
94618692.0,December 13 2023 23:59,,
94830587.0,December 17 2023 23:59,,
95013958.0,December 20 2023 23:59,,
95227222.0,December 24 2023 23:59,,
95376805.0,December 27 2023 23:59,,
95600480.0,December 31 2023 23:59,,
95811724.0,January 3 2024 23:59,,
96040861.0,January 7 2024 23:59,,
96282706.0,January 10 2024 23:59,,
96505373.0,January 14 2024 23:59,,
96781324.0,January 17 2024 23:59,,
97140421.0,January 24 2024 23:59,,
97403405.0,January 28 2024 23:59,,
97622392.0,January 31 2024 23:59,,
97760446.0,February 4 2024 23:59,,
98079176.0,February 7 2024 23:59,,
98318346.0,February 11 2024 23:59,,
98489725.0,February 14 2024 23:59,,
98741135.0,February 18 2024 23:59,,
99043642.0,February 21 2024 23:59,,
99218769.0,February 25 2024 23:59,,
99428688.0,February 28 2024 23:59,,
99687324.0,March 3 2024 23:59,,
99896853.0,March 6 2024 23:59,,
100129657.0,March 10 2024 23:59,,
100337756.0,March 13 2024 23:59,,
100577590.0,March 17 2024 23:59,,
100782110.0,March 20 2024 23:59,,
101015996.0,March 24 2024 23:59,,
101216150.0,March 27 2024 23:59,,
101471050.0,March 31 2024 23:59,,
101668002.0,April 3 2024 23:59,,101731257.0
101731257.0,April 4 2024 23:59,,
101929749.0,April 7 2024 23:59,,
102129740.0,April 10 2024 23:59,,
102358620.0,April 14 2024 23:59,,102433361.0
102433361.0,April 15 2024 23:59,,
102655370.0,April 18 2024 23:59,,
102979956.0,April 24 2024 23:59,,
103239741.0,April 28 2024 23:59,,
103477031.0,May 1 2024 23:59,,
103728009.0,May 5 2024 23:59,,
103964591.0,May 9 2024 23:59,,104028897.0
104028897.0,May 10 2024 23:59,,
104341889.0,May 15 2024 23:59,,
104580088.0,May 19 2024 23:59,,
104834480.0,May 23 2024 23:59,,104898318.0
104898318.0,May 24 2024 23:59,,
105221200.0,May 29 2024 23:59,,
105481861.0,June 2 2024 23:59,,
105886069.0,June 9 2024 23:59,,
106118768.0,June 12 2024 23:59,,
106351073.0,June 16 2024 23:59,,
106768987.0,June 23 2024 23:59,,
106975629.0,June 26 2024 23:59,,
107235704.0,June 30 2024 23:59,,
107513302.0,July 3 2024 23:59,,
107921377.0,July 10 2024 23:59,,
108143209.0,July 14 2024 23:59,,
108350190.0,July 17 2024 23:59,,
108577429.0,July 21 2024 23:59,,
108979110.0,July 28 2024 23:59,,
109235772.0,July 31 2024 23:59,,
109495531.0,August 4 2024 23:59,,
109925173.0,August 11 2024 23:59,,
110130584.0,August 14 2024 23:59,,110198253.0
110198253.0,August 15 2024 23:59,,
110562107.0,August 21 2024 23:59,,
110793553.0,August 25 2024 23:59,,
110988360.0,August 28 2024 23:59,,
111250796.0,September 1 2024 23:59,,
111702276.0,September 8 2024 23:59,,
112121372.0,September 15 2024 23:59,,
112346060.0,September 18 2024 23:59,,
112582644.0,September 22 2024 23:59,,
112792613.0,September 25 2024 23:59,,
113046721.0,September 29 2024 23:59,,
113594123.0,October 7 2024 23:59,,
113732135.0,October 9 2024 23:59,,
114158695.0,October 16 2024 23:59,,
114406321.0,October 20 2024 23:59,,
114610426.0,October 23 2024 23:59,,
114731174.0,October 25 2024 23:59,,
114834752.0,October 27 2024 23:59,,
115059445.0,October 30 2024 23:59,,115125837.0
115125837.0,October 31 2024 23:59,,
115485109.0,November 6 2024 23:59,,
115759690.0,November 10 2024 23:59,,
115976836.0,November 13 2024 23:59,,
116408250.0,November 20 2024 23:59,,
116668414.0,November 24 2024 23:59,,
116879563.0,November 27 2024 23:59,,
117133396.0,December 1 2024 23:59,,
117349930.0,December 4 2024 23:59,,
117612121.0,December 8 2024 23:59,,
118054372.0,December 15 2024 23:59,,
118527170.0,December 22 2024 23:59,,
118823322.0,December 27 2024 23:59,,
119081323.0,December 31 2024 23:59,,
119382604.0,January 5 2025 23:59,,
119624531.0,January 8 2025 23:59,,119756737.0
119756737.0,January 10 2025 23:59,,
119887971.0,January 12 2025 23:59,,
120091030.0,January 15 2025 23:59,,120186463.0
120186463.0,January 16 2025 23:59,,
120566938.0,January 22 2025 23:59,,
123162736.0,February 26 2025 23:59,,
123479049.0,March 2 2025 23:59,,
123754047.0,March 5 2025 23:59,,
123957942.0,March 9 2025 23:59,,
124522070.0,March 16 2025 23:59,,
124748848.0,March 19 2025 23:59,,
125007635.0,March 23 2025 23:59,,
125547004.0,March 30 2025 23:59,,
126107625.0,April 6 2025 23:59,,
126341395.0,April 9 2025 23:59,,
126611073.0,April 13 2025 23:59,,
126985409.0,April 18 2025 23:59,,
127345168.0,April 23 2025 23:59,,
127631867.0,April 27 2025 23:59,,
127874458.0,April 30 2025 23:59,,
128175705.0,May 4 2025 23:59,,
128222424.0,May 5 2025 23:59,,
128756539.0,May 11 2025 23:59,,
129010104.0,May 14 2025 23:59,,
129325829.0,May 18 2025 23:59,,129394239.0
129394239.0,May 19 2025 23:59,,
129870213.0,May 25 2025 23:59,,
130151179.0,May 28 2025 23:59,,
130490872.0,June 2 2025 23:59,,
131049101.0,June 8 2025 23:59,,
131362147.0,June 12 2025 23:59,,131426642.0
131426642.0,June 13 2025 23:59,,
131432284.0,June 13 2025 23:59,,
131802425.0,June 19 2025 23:59,,
132091761.0,June 22 2025 23:59,,
132406704.0,June 26 2025 23:59,,
132960286.0,June 30 2025 23:59,,
133565607.0,July 6 2025 23:59,,
133798506.0,July 9 2025 23:59,,
134081285.0,July 13 2025 23:59,,
134298804.0,July 16 2025 23:59,,
134595869.0,July 20 2025 23:59,,
134838680.0,July 23 2025 23:59,,
135139021.0,July 27 2025 23:59,,
135684104.0,August 3 2025 23:59,,
135912479.0,August 6 2025 23:59,,
136220646.0,August 10 2025 23:59,,
136741155.0,August 17 2025 23:59,,
137074935.0,August 20 2025 23:59,,
137523420.0,August 27 2025 23:59,,
137844206.0,August 31 2025 23:59,,
138068704.0,September 3 2025 23:59,,
138398640.0,September 7 2025 23:59,,
138932141.0,September 14 2025 23:59,,
139243157.0,September 18 2025 23:59,,
139689810.0,September 24 2025 23:59,,
140198641.0,October 1 2025 23:59,,
141096182.0,October 12 2025 23:59,,
141420259.0,October 16 2025 23:59,,
142009679.0,October 24 2025 23:59,,
142688788.0,November 2 2025 23:59,,
143220328.0,November 9 2025 23:59,,
143757971.0,November 16 2025 23:59,,
144141996.0,November 21 2025 23:59,,
144522857.0,November 26 2025 23:59,,
144950800.0,December 2 2025 23:59,,
145417062.0,December 7 2025 23:59,,
146049476.0,December 15 2025 23:59,,
146358195.0,December 20 2025 23:59,,
147136515.0,December 31 2025 23:59,,
147414299.0,January 4 2026 23:59,,
147778132.0,January 8 2026 23:59,,
148107384.0,January 12 2026 23:59,approximate,
148755902.0,January 19 2026 23:59,approximate,
149230130.0,January 25 2026 23:59,,
149362783.0,January 27 2026 23:59,,
149905110.0,February 3 2026 23:59,approximate,
149968416.0,February 4 2026 23:59,,
150574031.0,February 11 2026 23:59,approximate,
151099222.0,February 17 2026 23:59,approximate,
151694805.0,February 25 2026 23:59,approximate,
152201776.0,March 3 2026 23:59,approximate,152362964.0
152362964.0,March 5 2026 23:59,approximate,
152942482.0,March 12 2026 23:59,approximate,
154060257.0,March 26 2026 23:59,approximate,
154508709.0,March 31 2026 23:59,approximate,
155081130.0,April 07 2026 23:59,approximate,
155653734.0,April 12 2026 23:59,approximate,
156138824.0,April 19 2026 23:59,approximate,
156659612.0,April 26 2026 23:59,approximate,
157241429.0,May 02 2026 23:59,approximate,
157761649.0,May 07 2026 23:59,approximate,
158321117.0,May 14 2026 23:59,approximate,
158828604.0,May 19 2026 23:59,approximate,
159253663.0,May 25 2026 23:59,approximate,
159791834.0,May 30 2026 23:59,approximate,
160427402.0,June 06 2026 23:59,approximate,
161032166.0,June 12 2026 23:59,approximate,
161596010.0,June 19 2026 23:59,approximate,
,June 24 2026 23:59,approximate,
