chapter,date
8,2040-02-11 00:00:00
9,2040-02-11 00:00:00
9,2040-02-12 00:00:00
10,2040-02-12 00:00:00
11,2040-02-12 00:00:00
12,2040-02-16 00:00:00
13,2040-02-16 00:00:00
14,2040-02-16 00:00:00
15,2040-02-10 00:00:00
16,2040-02-10 00:00:00
17,2040-02-10 00:00:00
19,2040-02-10 00:00:00
19,2040-02-18 00:00:00
20,2040-02-18 00:00:00
21,2040-02-18 00:00:00
22,2040-02-18 00:00:00
23,2040-02-18 00:00:00
24,2040-02-18 00:00:00
24,2040-02-12 00:00:00
25,2040-02-20 00:00:00
26,2040-02-20 00:00:00
27,2040-02-20 00:00:00
28,2040-02-20 00:00:00
29,2040-02-20 00:00:00
30,2040-02-20 00:00:00
31,2040-02-20 00:00:00
32,2040-02-17 08:00:00
33,2040-02-17 08:00:00
34,2040-02-17 08:00:00
35,2040-02-17 08:00:00
36,2040-02-17 08:00:00
37,2040-02-18 10:00:00
37,2040-02-20 14:00:00
37,2040-02-21 16:00:00
38,2040-02-21 16:00:00
39,2040-03-01 00:00:00
40,2040-03-01 00:00:00
41,2040-03-01 00:00:00
42,2040-03-01 00:00:00
43,2040-03-01 00:00:00
44,2040-03-01 00:00:00
45,2040-02-29 00:00:00
45,2040-03-03 00:00:00
46,2040-03-21 00:00:00
46,2040-03-24 00:00:00
44,2040-03-24 00:00:00
47,2040-05-18 00:00:00
47,2040-06-01 00:00:00
48,2040-06-22 00:00:00
49,2040-07-23 00:00:00
49,2040-07-25 00:00:00
49,2040-08-14 00:00:00
50,2040-08-14 00:00:00
51,2040-08-14 00:00:00
52,2040-08-15 00:00:00
53,2040-08-15 00:00:00
53,2040-08-20 00:00:00
53,2040-08-26 00:00:00
54,2040-08-26 00:00:00
54,2040-08-29 00:00:00
55,2040-08-29 00:00:00
56,2040-09-01 00:00:00
57,2040-09-07 00:00:00
58,2040-09-07 00:00:00
59,2040-09-07 00:00:00
60,2040-09-07 00:00:00
61,2040-09-07 00:00:00
62,2040-09-07 00:00:00
63,2040-09-07 00:00:00
64,2040-09-07 00:00:00
64,2040-09-03 00:00:00
65,2040-09-03 00:00:00
66,2040-09-05 00:00:00
67,2040-09-06 00:00:00
68,2040-09-08 00:00:00
68,2040-09-09 00:00:00
70,2040-09-12 00:00:00
69,2040-09-14 00:00:00
69,2040-09-15 00:00:00
70,2040-09-15 00:00:00
71,2040-09-28 00:00:00
71,2040-10-01 00:00:00
72,2040-10-20 00:00:00
72,2040-10-21 00:00:00
72,2040-10-22 00:00:00
72,2040-10-23 00:00:00
72,2040-10-24 00:00:00
72,2040-10-25 00:00:00
72,2040-10-26 00:00:00
73,2040-10-27 00:00:00
74,2040-10-27 00:00:00
75,2040-10-27 00:00:00
76,2040-10-27 00:00:00
77,2040-10-27 00:00:00
78,2040-10-27 00:00:00
79,2040-10-27 00:00:00
80,2040-10-27 00:00:00
81,2040-10-29 00:00:00
82,2040-10-29 00:00:00
83,2040-10-29 00:00:00
84,2040-10-29 00:00:00
85,2040-10-29 00:00:00
86,2040-10-30 00:00:00
87,2040-10-30 00:00:00
88,2040-10-30 00:00:00
89,2040-10-31 00:00:00
91,2040-10-31 00:00:00
90,2040-11-02 00:00:00
91,2040-11-02 00:00:00
92,2040-11-02 00:00:00
93,2040-11-02 00:00:00
93,2040-11-03 00:00:00
94,2040-11-03 00:00:00
95,2040-11-04 00:00:00
96,2040-11-04 00:00:00
97,2040-11-04 00:00:00
95,2040-11-09 00:00:00
98,2040-11-05 00:00:00
99,2040-11-05 00:00:00
100,2040-11-05 00:00:00
101,2040-11-05 00:00:00
102,2040-11-05 00:00:00
103,2040-11-06 00:00:00
104,2040-11-06 00:00:00
104,2040-11-09 00:00:00
105,2040-11-10 00:00:00
106,2040-11-10 00:00:00
107,2040-11-10 00:00:00
108,2040-11-10 00:00:00
109,2040-11-10 00:00:00
110,2040-11-10 00:00:00
111,2040-11-10 00:00:00
112,2040-11-10 00:00:00
113,2040-11-10 00:00:00
114,2040-11-10 00:00:00
115,2040-11-11 00:00:00
116,2040-11-11 00:00:00
116,2040-11-12 00:00:00
117,2040-11-12 00:00:00
118,2040-11-12 00:00:00
119,2040-11-12 00:00:00
119,2040-11-13 00:00:00
120,2040-11-13 00:00:00
121,2040-11-13 00:00:00
122,2040-11-14 00:00:00
123,2040-11-15 00:00:00
124,2040-11-15 00:00:00
125,2040-11-16 00:00:00
126,2040-11-16 00:00:00
127,2040-11-16 00:00:00
128,2040-11-16 00:00:00
129,2040-11-16 00:00:00
130,2040-11-16 00:00:00
147,2040-11-16 00:00:00
131,2040-11-17 00:00:00
132,2040-11-17 00:00:00
133,2040-11-17 00:00:00
134,2040-11-17 00:00:00
135,2040-11-17 00:00:00
136,2040-11-17 00:00:00
137,2040-11-17 00:00:00
138,2040-11-17 00:00:00
139,2040-11-17 00:00:00
140,2040-11-17 00:00:00
141,2040-11-17 00:00:00
142,2040-11-17 00:00:00
143,2040-11-17 00:00:00
144,2040-11-17 00:00:00
145,2040-11-17 00:00:00
147,2040-11-17 00:00:00
148,2040-11-17 00:00:00
145,2040-11-18 00:00:00
146,2040-11-18 00:00:00
149,2040-11-18 00:00:00
150,2040-11-18 00:00:00
150,2040-11-19 00:00:00
151,2040-11-19 00:00:00
152,2040-11-19 00:00:00
153,2040-11-19 00:00:00
154,2040-11-19 00:00:00
155,2040-11-19 00:00:00
156,2040-11-19 00:00:00
157,2040-11-19 00:00:00
158,2040-11-19 00:00:00
159,2040-11-19 00:00:00
160,2040-11-19 00:00:00
161,2040-11-20 00:00:00
162,2040-11-20 00:00:00
163,2040-11-20 00:00:00
164,2040-11-20 00:00:00
165,2040-11-20 00:00:00
166,2040-11-21 00:00:00
167,2040-11-21 00:00:00
168,2040-11-21 00:00:00
168,2040-11-22 00:00:00
169,2040-11-22 00:00:00
170,2040-11-22 00:00:00
171,2040-11-22 00:00:00
172,2040-11-22 00:00:00
173,2040-11-22 00:00:00
174,2040-11-22 00:00:00
174,2040-11-23 00:00:00
175,2040-11-23 00:00:00
176,2040-11-23 00:00:00
177,2040-11-23 00:00:00
178,2040-11-23 00:00:00
179,2040-11-24 00:00:00
180,2040-11-24 00:00:00
181,2040-11-25 00:00:00
181,2040-11-26 00:00:00
182,2040-11-26 00:00:00
183,2040-11-26 00:00:00
184,2040-11-27 00:00:00
185,2040-11-27 00:00:00
186,2040-11-28 00:00:00
187,2040-11-28 00:00:00
188,2040-11-28 00:00:00
189,2040-11-28 00:00:00
190,2040-11-28 00:00:00
191,2040-11-28 00:00:00
192,2040-11-28 00:00:00
193,2040-11-28 00:00:00
194,2040-11-28 00:00:00
195,2040-11-28 00:00:00
196,2040-11-28 00:00:00
197,2040-11-28 00:00:00
198,2040-11-28 00:00:00
199,2040-11-29 00:00:00
200,2040-11-29 00:00:00
201,2040-11-30 00:00:00
201,2040-12-01 00:00:00
202,2040-12-01 00:00:00
203,2040-12-02 00:00:00
204,2040-12-02 00:00:00
205,2040-12-02 00:00:00
206,2040-12-02 00:00:00
207,2040-12-02 00:00:00
208,2040-12-03 00:00:00
209,2040-12-03 00:00:00
210,2040-12-03 00:00:00
211,2040-12-04 00:00:00
212,2040-12-04 00:00:00
213,2040-12-05 00:00:00
214,2040-12-05 00:00:00
215,2040-12-05 00:00:00
216,2040-12-05 00:00:00
217,2040-12-05 00:00:00
218,2040-12-05 00:00:00
219,2040-12-06 00:00:00
220,2040-12-06 00:00:00
221,2040-12-06 00:00:00
222,2040-12-06 00:00:00
223,2040-12-06 00:00:00
224,2040-12-06 00:00:00
225,2040-12-06 00:00:00
226,2040-12-07 00:00:00
227,2040-12-07 00:00:00
228,2040-12-07 00:00:00
229,2040-12-07 00:00:00
230,2040-12-07 00:00:00
231,2040-12-07 00:00:00
231,2040-12-08 00:00:00
232,2040-12-08 00:00:00
233,2040-12-08 00:00:00
234,2040-12-08 00:00:00
235,2040-12-08 00:00:00
236,2040-12-08 00:00:00
237,2040-12-08 00:00:00
238,2040-12-08 00:00:00
239,2040-12-08 00:00:00
240,2040-12-08 00:00:00
241,2040-12-08 00:00:00
242,2040-12-08 00:00:00
243,2040-12-08 00:00:00
244,2040-12-08 00:00:00
245,2040-12-10 00:00:00
245,2040-12-11 00:00:00
255,2040-12-11 00:00:00
245,2040-12-12 00:00:00
246,2040-12-12 00:00:00
247,2040-12-13 00:00:00
248,2040-12-13 00:00:00
249,2040-12-14 00:00:00
250,2040-12-14 00:00:00
251,2040-12-14 00:00:00
252,2040-12-14 00:00:00
252,2040-12-15 00:00:00
253,2040-12-15 00:00:00
254,2040-12-17 00:00:00
255,2040-12-17 00:00:00
256,2040-12-17 00:00:00
257,2040-12-17 00:00:00
258,2040-12-17 00:00:00
259,2040-12-18 00:00:00
260,2040-12-19 00:00:00
261,2040-12-20 00:00:00
262,2040-12-20 00:00:00
263,2040-12-20 00:00:00
264,2040-12-20 00:00:00
265,2040-12-20 00:00:00
266,2040-12-20 00:00:00
267,2040-12-21 00:00:00
268,2040-12-21 00:00:00
268,2040-12-22 00:00:00
269,2040-12-23 00:00:00
270,2040-12-23 00:00:00
271,2040-12-23 00:00:00
272,2040-12-25 00:00:00
273,2040-12-28 00:00:00
273,2040-12-29 00:00:00
274,2040-12-29 00:00:00
275,2040-12-29 00:00:00
276,2040-12-29 00:00:00
277,2040-12-29 00:00:00
278,2040-12-29 00:00:00
279,2040-12-29 00:00:00
280,2040-12-29 00:00:00
281,2040-12-30 00:00:00
282,2040-12-30 00:00:00
283,2040-12-31 00:00:00
284,2040-12-31 00:00:00
284,2040-12-31 00:00:00
284,2041-01-01 00:00:00
284,2041-01-02 00:00:00
284,2041-01-03 00:00:00
284,2041-01-04 00:00:00
283,2041-01-01 00:00:00
283,2041-01-02 00:00:00
283,2041-01-04 00:00:00
284,2041-01-04 00:00:00
285,2041-01-04 00:00:00
285,2041-01-05 00:00:00
286,2041-01-07 00:00:00
287,2041-01-16 00:00:00
288,2041-01-16 00:00:00
289,2041-01-17 00:00:00
290,2041-01-17 00:00:00
291,2041-01-17 00:00:00
292,2041-01-18 00:00:00
293,2041-01-18 00:00:00
294,2041-01-18 00:00:00
295,2041-01-18 00:00:00
296,2041-01-18 00:00:00
297,2041-01-18 00:00:00
298,2041-01-19 00:00:00
299,2041-01-19 00:00:00
300,2041-01-19 00:00:00
