chapter,date
8.0,2040-02-11 00:00:00
9.0,2040-02-11 00:00:00
9.0,2040-02-12 00:00:00
10.0,2040-02-12 00:00:00
11.0,2040-02-12 00:00:00
12.0,2040-02-16 00:00:00
13.0,2040-02-16 00:00:00
14.0,2040-02-16 00:00:00
15.0,2040-02-10 00:00:00
16.0,2040-02-10 00:00:00
17.0,2040-02-10 00:00:00
19.0,2040-02-10 00:00:00
19.0,2040-02-18 00:00:00
20.0,2040-02-18 00:00:00
21.0,2040-02-18 00:00:00
22.0,2040-02-18 00:00:00
23.0,2040-02-18 00:00:00
24.0,2040-02-18 00:00:00
24.0,2040-02-12 00:00:00
25.0,2040-02-20 00:00:00
26.0,2040-02-20 00:00:00
27.0,2040-02-20 00:00:00
28.0,2040-02-20 00:00:00
29.0,2040-02-20 00:00:00
30.0,2040-02-20 00:00:00
31.0,2040-02-20 00:00:00
32.0,2040-02-17 08:00:00
33.0,2040-02-17 08:00:00
34.0,2040-02-17 08:00:00
35.0,2040-02-17 08:00:00
36.0,2040-02-17 08:00:00
37.0,2040-02-18 10:00:00
37.0,2040-02-20 14:00:00
37.0,2040-02-21 16:00:00
38.0,2040-02-21 16:00:00
39.0,2040-03-01 00:00:00
40.0,2040-03-01 00:00:00
41.0,2040-03-01 00:00:00
42.0,2040-03-01 00:00:00
43.0,2040-03-01 00:00:00
44.0,2040-03-01 00:00:00
45.0,2040-02-29 00:00:00
45.0,2040-03-03 00:00:00
46.0,2040-03-21 00:00:00
46.0,2040-03-24 00:00:00
44.0,2040-03-24 00:00:00
47.0,2040-05-18 00:00:00
47.0,2040-06-01 00:00:00
48.0,2040-06-22 00:00:00
49.0,2040-07-23 00:00:00
49.0,2040-07-25 00:00:00
49.0,2040-08-14 00:00:00
50.0,2040-08-14 00:00:00
51.0,2040-08-14 00:00:00
52.0,2040-08-15 00:00:00
53.0,2040-08-15 00:00:00
53.0,2040-08-20 00:00:00
53.0,2040-08-26 00:00:00
54.0,2040-08-26 00:00:00
54.0,2040-08-29 00:00:00
55.0,2040-08-29 00:00:00
56.0,2040-09-01 00:00:00
57.0,2040-09-07 00:00:00
58.0,2040-09-07 00:00:00
59.0,2040-09-07 00:00:00
60.0,2040-09-07 00:00:00
61.0,2040-09-07 00:00:00
62.0,2040-09-07 00:00:00
63.0,2040-09-07 00:00:00
64.0,2040-09-07 00:00:00
64.0,2040-09-03 00:00:00
65.0,2040-09-03 00:00:00
66.0,2040-09-05 00:00:00
67.0,2040-09-06 00:00:00
68.0,2040-09-08 00:00:00
68.0,2040-09-09 00:00:00
70.0,2040-09-12 00:00:00
69.0,2040-09-14 00:00:00
69.0,2040-09-15 00:00:00
70.0,2040-09-15 00:00:00
71.0,2040-09-28 00:00:00
71.0,2040-10-01 00:00:00
72.0,2040-10-20 00:00:00
72.0,2040-10-21 00:00:00
72.0,2040-10-22 00:00:00
72.0,2040-10-23 00:00:00
72.0,2040-10-24 00:00:00
72.0,2040-10-25 00:00:00
72.0,2040-10-26 00:00:00
73.0,2040-10-27 00:00:00
74.0,2040-10-27 00:00:00
75.0,2040-10-27 00:00:00
76.0,2040-10-27 00:00:00
77.0,2040-10-27 00:00:00
78.0,2040-10-27 00:00:00
79.0,2040-10-27 00:00:00
80.0,2040-10-27 00:00:00
81.0,2040-10-29 00:00:00
82.0,2040-10-29 00:00:00
83.0,2040-10-29 00:00:00
84.0,2040-10-29 00:00:00
85.0,2040-10-29 00:00:00
86.0,2040-10-30 00:00:00
87.0,2040-10-30 00:00:00
88.0,2040-10-30 00:00:00
89.0,2040-10-31 00:00:00
91.0,2040-10-31 00:00:00
90.0,2040-11-02 00:00:00
91.0,2040-11-02 00:00:00
92.0,2040-11-02 00:00:00
93.0,2040-11-02 00:00:00
93.0,2040-11-03 00:00:00
94.0,2040-11-03 00:00:00
95.0,2040-11-04 00:00:00
96.0,2040-11-04 00:00:00
97.0,2040-11-04 00:00:00
95.0,2040-11-09 00:00:00
98.0,2040-11-05 00:00:00
99.0,2040-11-05 00:00:00
100.0,2040-11-05 00:00:00
101.0,2040-11-05 00:00:00
102.0,2040-11-05 00:00:00
103.0,2040-11-06 00:00:00
104.0,2040-11-06 00:00:00
104.0,2040-11-09 00:00:00
105.0,2040-11-10 00:00:00
106.0,2040-11-10 00:00:00
107.0,2040-11-10 00:00:00
108.0,2040-11-10 00:00:00
109.0,2040-11-10 00:00:00
110.0,2040-11-10 00:00:00
111.0,2040-11-10 00:00:00
112.0,2040-11-10 00:00:00
113.0,2040-11-10 00:00:00
114.0,2040-11-10 00:00:00
115.0,2040-11-11 00:00:00
116.0,2040-11-11 00:00:00
116.0,2040-11-12 00:00:00
117.0,2040-11-12 00:00:00
118.0,2040-11-12 00:00:00
119.0,2040-11-12 00:00:00
119.0,2040-11-13 00:00:00
120.0,2040-11-13 00:00:00
121.0,2040-11-13 00:00:00
122.0,2040-11-14 00:00:00
123.0,2040-11-15 00:00:00
124.0,2040-11-15 00:00:00
125.0,2040-11-16 00:00:00
126.0,2040-11-16 00:00:00
127.0,2040-11-16 00:00:00
128.0,2040-11-16 00:00:00
129.0,2040-11-16 00:00:00
130.0,2040-11-16 00:00:00
147.0,2040-11-16 00:00:00
131.0,2040-11-17 00:00:00
132.0,2040-11-17 00:00:00
133.0,2040-11-17 00:00:00
134.0,2040-11-17 00:00:00
135.0,2040-11-17 00:00:00
136.0,2040-11-17 00:00:00
137.0,2040-11-17 00:00:00
138.0,2040-11-17 00:00:00
139.0,2040-11-17 00:00:00
140.0,2040-11-17 00:00:00
141.0,2040-11-17 00:00:00
142.0,2040-11-17 00:00:00
143.0,2040-11-17 00:00:00
144.0,2040-11-17 00:00:00
145.0,2040-11-17 00:00:00
147.0,2040-11-17 00:00:00
148.0,2040-11-17 00:00:00
145.0,2040-11-18 00:00:00
146.0,2040-11-18 00:00:00
149.0,2040-11-18 00:00:00
150.0,2040-11-18 00:00:00
150.0,2040-11-19 00:00:00
151.0,2040-11-19 00:00:00
152.0,2040-11-19 00:00:00
153.0,2040-11-19 00:00:00
154.0,2040-11-19 00:00:00
155.0,2040-11-19 00:00:00
156.0,2040-11-19 00:00:00
157.0,2040-11-19 00:00:00
158.0,2040-11-19 00:00:00
159.0,2040-11-19 00:00:00
160.0,2040-11-19 00:00:00
161.0,2040-11-20 00:00:00
162.0,2040-11-20 00:00:00
163.0,2040-11-20 00:00:00
164.0,2040-11-20 00:00:00
165.0,2040-11-20 00:00:00
166.0,2040-11-21 00:00:00
167.0,2040-11-21 00:00:00
168.0,2040-11-21 00:00:00
168.0,2040-11-22 00:00:00
169.0,2040-11-22 00:00:00
170.0,2040-11-22 00:00:00
171.0,2040-11-22 00:00:00
172.0,2040-11-22 00:00:00
173.0,2040-11-22 00:00:00
174.0,2040-11-22 00:00:00
174.0,2040-11-23 00:00:00
175.0,2040-11-23 00:00:00
176.0,2040-11-23 00:00:00
177.0,2040-11-23 00:00:00
178.0,2040-11-23 00:00:00
179.0,2040-11-24 00:00:00
180.0,2040-11-24 00:00:00
181.0,2040-11-25 00:00:00
181.0,2040-11-26 00:00:00
182.0,2040-11-26 00:00:00
183.0,2040-11-26 00:00:00
184.0,2040-11-27 00:00:00
185.0,2040-11-27 00:00:00
186.0,2040-11-28 00:00:00
187.0,2040-11-28 00:00:00
188.0,2040-11-28 00:00:00
189.0,2040-11-28 00:00:00
190.0,2040-11-28 00:00:00
191.0,2040-11-28 00:00:00
192.0,2040-11-28 00:00:00
193.0,2040-11-28 00:00:00
194.0,2040-11-28 00:00:00
195.0,2040-11-28 00:00:00
196.0,2040-11-28 00:00:00
197.0,2040-11-28 00:00:00
198.0,2040-11-28 00:00:00
199.0,2040-11-29 00:00:00
200.0,2040-11-29 00:00:00
201.0,2040-11-30 00:00:00
201.0,2040-12-01 00:00:00
202.0,2040-12-01 00:00:00
203.0,2040-12-02 00:00:00
204.0,2040-12-02 00:00:00
205.0,2040-12-02 00:00:00
206.0,2040-12-02 00:00:00
207.0,2040-12-02 00:00:00
208.0,2040-12-03 00:00:00
209.0,2040-12-03 00:00:00
210.0,2040-12-03 00:00:00
211.0,2040-12-04 00:00:00
212.0,2040-12-04 00:00:00
213.0,2040-12-05 00:00:00
214.0,2040-12-05 00:00:00
215.0,2040-12-05 00:00:00
216.0,2040-12-05 00:00:00
217.0,2040-12-05 00:00:00
218.0,2040-12-05 00:00:00
219.0,2040-12-06 00:00:00
220.0,2040-12-06 00:00:00
221.0,2040-12-06 00:00:00
222.0,2040-12-06 00:00:00
223.0,2040-12-06 00:00:00
224.0,2040-12-06 00:00:00
225.0,2040-12-06 00:00:00
226.0,2040-12-07 00:00:00
227.0,2040-12-07 00:00:00
228.0,2040-12-07 00:00:00
229.0,2040-12-07 00:00:00
230.0,2040-12-07 00:00:00
231.0,2040-12-07 00:00:00
231.0,2040-12-08 00:00:00
232.0,2040-12-08 00:00:00
233.0,2040-12-08 00:00:00
234.0,2040-12-08 00:00:00
235.0,2040-12-08 00:00:00
236.0,2040-12-08 00:00:00
237.0,2040-12-08 00:00:00
238.0,2040-12-08 00:00:00
239.0,2040-12-08 00:00:00
240.0,2040-12-08 00:00:00
241.0,2040-12-08 00:00:00
242.0,2040-12-08 00:00:00
243.0,2040-12-08 00:00:00
244.0,2040-12-08 00:00:00
245.0,2040-12-10 00:00:00
245.0,2040-12-11 00:00:00
255.0,2040-12-11 00:00:00
245.0,2040-12-12 00:00:00
246.0,2040-12-12 00:00:00
247.0,2040-12-13 00:00:00
248.0,2040-12-13 00:00:00
249.0,2040-12-14 00:00:00
250.0,2040-12-14 00:00:00
251.0,2040-12-14 00:00:00
252.0,2040-12-14 00:00:00
252.0,2040-12-15 00:00:00
253.0,2040-12-15 00:00:00
254.0,2040-12-17 00:00:00
255.0,2040-12-17 00:00:00
256.0,2040-12-17 00:00:00
257.0,2040-12-17 00:00:00
258.0,2040-12-17 00:00:00
259.0,2040-12-18 00:00:00
260.0,2040-12-19 00:00:00
261.0,2040-12-20 00:00:00
262.0,2040-12-20 00:00:00
263.0,2040-12-20 00:00:00
264.0,2040-12-20 00:00:00
265.0,2040-12-20 00:00:00
266.0,2040-12-20 00:00:00
267.0,2040-12-21 00:00:00
268.0,2040-12-21 00:00:00
268.0,2040-12-22 00:00:00
269.0,2040-12-23 00:00:00
270.0,2040-12-23 00:00:00
271.0,2040-12-23 00:00:00
272.0,2040-12-25 00:00:00
273.0,2040-12-28 00:00:00
273.0,2040-12-29 00:00:00
274.0,2040-12-29 00:00:00
275.0,2040-12-29 00:00:00
276.0,2040-12-29 00:00:00
277.0,2040-12-29 00:00:00
278.0,2040-12-29 00:00:00
279.0,2040-12-29 00:00:00
280.0,2040-12-29 00:00:00
281.0,2040-12-30 00:00:00
282.0,2040-12-30 00:00:00
283.0,2040-12-31 00:00:00
284.0,2040-12-31 00:00:00
284.0,2040-12-31 00:00:00
284.0,2041-01-01 00:00:00
284.0,2041-01-02 00:00:00
284.0,2041-01-03 00:00:00
284.0,2041-01-04 00:00:00
283.0,2041-01-01 00:00:00
283.0,2041-01-02 00:00:00
283.0,2041-01-04 00:00:00
284.0,2041-01-04 00:00:00
285.0,2041-01-04 00:00:00
285.0,2041-01-05 00:00:00
286.0,2041-01-07 00:00:00
287.0,2041-01-16 00:00:00
288.0,2041-01-16 00:00:00
289.0,2041-01-17 00:00:00
290.0,2041-01-17 00:00:00
291.0,2041-01-17 00:00:00
292.0,2041-01-18 00:00:00
293.0,2041-01-18 00:00:00
294.0,2041-01-18 00:00:00
295.0,2041-01-18 00:00:00
296.0,2041-01-18 00:00:00
297.0,2041-01-18 00:00:00
298.0,2041-01-19 00:00:00
299.0,2041-01-19 00:00:00
300.0,2041-01-19 00:00:00
301.0,2041-01-19 00:00:00
302.0,2041-01-19 00:00:00
303.0,2041-01-19 00:00:00
304.0,2041-01-19 00:00:00
305.0,2041-01-19 00:00:00
305.0,2041-01-20 00:00:00
306.0,2041-01-20 00:00:00
307.0,2041-01-20 00:00:00
308.0,2041-01-20 00:00:00
309.0,2041-01-20 00:00:00
310.0,2041-01-20 00:00:00
